<?xml version="1.0" encoding="UTF-8"?>
<project-private xmlns="http://www.netbeans.org/ns/project-private/1">
    <editor-bookmarks xmlns="http://www.netbeans.org/ns/editor-bookmarks/2" lastBookmarkId="0"/>
    <open-files xmlns="http://www.netbeans.org/ns/projectui-open-files/2">
        <group>
            <file>file:/D:/AptechSem2/ADF-I/homework/Student1218312_Kim/src/product/Test.java</file>
            <file>file:/D:/AptechSem2/ADF-I/homework/Student1218312_Kim/src/product/Invoice.java</file>
            <file>file:/D:/AptechSem2/ADF-I/homework/Student1218312_Kim/src/product/Item.java</file>
            <file>file:/D:/AptechSem2/ADF-I/homework/Student1218312_Kim/src/sale/IDiscount.java</file>
        </group>
    </open-files>
</project-private>
